{"cameraMode":{"drawMode":0,"name":"Shaded","section":"Shading Mode"},"sceneLighting":true,"audioPlay":false,"sceneViewState":{"m_AlwaysRefresh":false,"showFog":true,"showSkybox":true,"showFlares":true,"showImageEffects":true,"showParticleSystems":true,"showVisualEffectGraphs":true,"m_FxEnabled":true},"in2DMode":false,"pivot":{"x":8.862607955932618,"y":-133.09996032714845,"z":216.51345825195313},"rotation":{"x":-0.2785281538963318,"y":-0.018755070865154268,"z":0.0054547106847167019,"w":-0.9602442383766174},"size":133.4832305908203,"orthographic":false}